{
  "mean": [
    4.98,
    4.98,
    809.5667317708334,
    0.044649639477332435,
    0.930928905804952,
    0.08465795467297237,
    0.983487089474996,
    17.768468221028645,
    17.768468221028645,
    1.0,
    0.0,
    0.0,
    0.0,
    0.0,
    0.0,
    -1892.8076353253693,
    -2727.7552850510324,
    -5305.156054258274,
    699.0349092529419,
    106.99250679091107,
    47.159407943497364,
    -13.482981199833388,
    29.887974940325066,
    46.68865121828361,
    -8.10311709362894,
    -63.25761051534809,
    21.172409885308536,
    62.18026978303066,
    20.884184573025706,
    -27.762960307965145,
    20.24009919703246,
    605.5970566359857,
    373.033600162524,
    5.0041492763760383e-14,
    174.62801097882243,
    178.59722848294552,
    49.993993159512804,
    -113.7545255985891,
    59.4245253048455,
    173.5067959894284,
    67.52678418082596,
    -25.52199396223084,
    45.12375075417821,
    75.7681229654746,
    -6.114834907251644,
    -92.97739120571123,
    31.977919484639873,
    24.49153761059493,
    -28.640922929743326,
    -94.60513719772864,
    24.754764696397086,
    62.68902001050816,
    12.285038020973515,
    -44.16016627236065,
    20.85105395207141,
    102.70265453045933,
    37.990691034320335,
    -21.275425179072297,
    28.788021495858228,
    46.43729210139673,
    -17.921958034019465,
    -85.36342356660514,
    23.56519199674618,
    59.6296257983058,
    11.189414075093147,
    -34.55426029312246,
    17.880572483129217,
    0.0,
    0.0,
    0.0,
    0.0,
    0.01651291052500407,
    4.060986677805583,
    5.828005472819011,
    0.5,
    13.962375005086264,
    0.003505223896354437,
    0.015628914969662826,
    0.011023954177896181,
    22050.0,
    22050.0,
    22050.0,
    0.0,
    0.0,
    0.0,
    0.0,
    0.0,
    0.0,
    0.0,
    0.0,
    0.08775849143664043,
    0.0,
    0.0,
    0.0,
    0.0,
    0.0,
    0.0,
    0.0,
    17.768468221028645,
    0.0,
    0.0,
    0.0,
    0.0,
    0.0,
    0.0,
    0.0,
    0.0,
    0.0,
    0.0,
    0.0,
    0.0,
    0.0,
    0.0,
    0.0,
    0.0,
    0.0,
    0.0,
    0.0,
    0.0,
    0.0,
    0.0,
    0.19010105729103088,
    0.26628316938877106,
    796.0,
    256.01834862385317,
    0.0,
    194.1301667160516,
    0.0,
    0.0,
    0.0,
    0.8884234229723612,
    0.5,
    1.0
  ],
  "std": [
    0.0,
    0.0,
    280.70099373474415,
    0.007614498840058762,
    0.002426972418466361,
    0.014332990886622146,
    0.0015454208805373213,
    0.4133601096843019,
    0.4133601096843019,
    0.0,
    0.0,
    0.0,
    0.0,
    0.0,
    0.0,
    56.44785879428613,
    57.306582703243464,
    0.0,
    67.905070379125,
    3.5051584067576154,
    1.1734503628337165,
    12.235345197594672,
    3.036075180413908,
    16.37498297829299,
    3.8128839454605035,
    4.968962968424459,
    1.6657596899624054,
    5.529661864984854,
    0.2948918548231678,
    3.6666294700380013,
    2.7753002729427836,
    13.518763125049281,
    17.647558286567943,
    0.0,
    15.659186277439863,
    14.176638505620337,
    1.253799051176116,
    10.232449641050806,
    5.723107565958088,
    16.33241230031873,
    2.258419012198157,
    28.507072833359373,
    4.512113787793438,
    13.06685128768023,
    3.4860582752952087,
    20.12374741645291,
    1.6992822165251784,
    6.29818322796346,
    1.1458796423172022,
    4.904340736666841,
    0.8859791469007879,
    8.754272697863742,
    5.202174210195056,
    12.313964060052834,
    1.1807402852209312,
    8.301900968534891,
    3.359948634980126,
    3.7654371777539684,
    3.9750363866918286,
    14.465433872689257,
    2.694580759115197,
    18.672934555389688,
    3.573013972411821,
    1.7515616895033725,
    2.9665367097307054,
    4.31059659903805,
    0.8826099276255168,
    0.0,
    0.0,
    0.0,
    0.0,
    0.0015454208805373213,
    1.4232127193238302,
    2.1403731498237053,
    0.0,
    6.121930174885508,
    0.0005966763545783028,
    0.0014465477101896949,
    0.002349839457738701,
    0.0,
    0.0,
    0.0,
    0.0,
    0.0,
    0.0,
    0.0,
    0.0,
    0.0,
    0.0,
    0.0,
    0.014959437628270929,
    0.0,
    0.0,
    0.0,
    0.0,
    0.0,
    0.0,
    0.0,
    0.4133601096843019,
    0.0,
    0.0,
    0.0,
    0.0,
    0.0,
    0.0,
    0.0,
    0.0,
    0.0,
    0.0,
    0.0,
    0.0,
    0.0,
    0.0,
    0.0,
    0.0,
    0.0,
    0.0,
    0.0,
    0.0,
    0.0,
    0.0,
    0.0320139575347895,
    0.0310790515508194,
    18.457157599876172,
    19.182344717168995,
    0.0,
    30.431837358809762,
    0.0,
    0.0,
    0.0,
    0.020668020208147144,
    0.0,
    0.0
  ],
  "min": [
    4.98,
    4.98,
    566.5797119140625,
    0.037995465099811554,
    0.9279153347015381,
    0.07183059304952621,
    0.9815447926521301,
    17.25791358947754,
    17.25791358947754,
    1.0,
    0.0,
    0.0,
    0.0,
    0.0,
    0.0,
    -1965.5597572282347,
    -2808.108001128605,
    -5305.156054258274,
    645.0877791219016,
    103.26215631472378,
    46.08209152799333,
    -29.616618606000465,
    25.70773077274411,
    31.96495667096625,
    -12.307988266076434,
    -70.2772620150308,
    19.687374785737443,
    55.31535898249763,
    20.61291849269552,
    -31.382693029420082,
    17.81628020275105,
    587.6550500540515,
    349.4541101402026,
    5.0041492763760383e-14,
    155.02941539788668,
    161.89491162933183,
    48.496334799052036,
    -124.74085011871468,
    51.432119697398086,
    150.41840569189077,
    65.27173200467966,
    -65.83483879585569,
    39.20338637377251,
    57.372057784412696,
    -11.044675615048586,
    -119.82515915065589,
    30.39451905697592,
    17.912998315655315,
    -30.205090689108815,
    -101.52557863521679,
    23.737281358862646,
    51.4096178600357,
    5.185613220279624,
    -58.242512854270245,
    19.280608065800823,
    92.29726199987158,
    33.42232577798143,
    -25.176624559863658,
    24.5193795538564,
    30.99931846758962,
    -20.091563885748133,
    -104.57836569174988,
    18.932474851064757,
    58.02202001141472,
    7.931163770826563,
    -40.4972192550743,
    17.06796568988462,
    0.0,
    0.0,
    0.0,
    0.0,
    0.014673948287963867,
    2.843750476837158,
    3.9939427375793457,
    0.5,
    9.452445983886719,
    0.0030735349282622337,
    0.013907486572861671,
    0.009275325573980808,
    22050.0,
    22050.0,
    22050.0,
    0.0,
    0.0,
    0.0,
    0.0,
    0.0,
    0.0,
    0.0,
    0.0,
    0.07444468140602112,
    0.0,
    0.0,
    0.0,
    0.0,
    0.0,
    0.0,
    0.0,
    17.25791358947754,
    0.0,
    0.0,
    0.0,
    0.0,
    0.0,
    0.0,
    0.0,
    0.0,
    0.0,
    0.0,
    0.0,
    0.0,
    0.0,
    0.0,
    0.0,
    0.0,
    0.0,
    0.0,
    0.0,
    0.0,
    0.0,
    0.0,
    0.1543930470943451,
    0.2283111959695816,
    770.0,
    231.9724770642202,
    0.0,
    152.64129917871202,
    0.0,
    0.0,
    0.0,
    0.862895667552948,
    0.5,
    1.0
  ],