{
  "mean": [
    9.96,
    9.96,
    853.8019409179688,
    0.0281199316183726,
    0.929838756720225,
    0.06227512160936991,
    0.9672076304753622,
    16.037712732950848,
    16.037712732950848,
    1.0,
    0.0,
    0.0,
    0.0,
    0.0,
    0.0,
    -1725.4234125782211,
    -2853.3001687291526,
    -5305.156054258274,
    695.3420024267797,
    116.2593508152612,
    36.553097861160204,
    -27.859452638829577,
    25.892671183331355,
    44.120009287206265,
    -12.549389045807729,
    -78.03685799388906,
    22.979197511474524,
    72.2435982597954,
    17.383449651434848,
    -48.30156412504433,
    21.869102108353758,
    612.3201665666146,
    321.1181891801404,
    -0.24266908636196458,
    171.00173906910118,
    180.47540239278933,
    36.14360967479538,
    -189.88227861106188,
    76.4028206599217,
    179.04053539998884,
    59.72057750109196,
    -30.464762432122356,
    41.027940043727405,
    111.91503866053482,
    6.846068447891381,
    -113.39039187649117,
    33.69988484894957,
    74.87068374482634,
    -9.454783772914892,
    -84.24338914993656,
    27.009278869343206,
    86.07325726856321,
    12.866860692790667,
    -56.11704260349188,
    25.785342022450198,
    111.55989112974812,
    27.008311092830542,
    -34.50445442146475,
    26.4440280968507,
    46.57259222879077,
    -12.476105336920755,
    -81.22778601286343,
    20.719030088132946,
    74.45807767119315,
    13.629184684638252,
    -36.64949918833047,
    16.914852389710273,
    0.0,
    0.0,
    0.0,
    0.0,
    0.032792369524637856,
    2.1502469380696616,
    4.5962340037028,
    0.5,
    30.622623920440674,
    0.0028783643695836267,
    0.03154917868475119,
    0.010953109400967756,
    22050.0,
    21462.026283253643,
    634.5114111218257,
    21415.488588878176,
    3188.2660389756907,
    0.0,
    0.0,
    0.0,
    0.0,
    0.0,
    0.0,
    0.06462250649929047,
    0.0,
    0.0,
    0.0,
    0.0,
    0.0,
    0.0,
    0.0,
    16.037712732950848,
    0.0,
    0.0,
    0.0,
    0.0,
    0.0,
    0.0,
    0.0,
    0.0,
    0.0,
    0.0,
    0.0,
    0.0,
    0.0,
    0.0,
    0.0,
    0.0,
    0.0,
    0.0,
    0.0,
    0.0,
    0.0,
    0.0,
    0.24241961538791656,
    0.26766160627206165,
    824.3333333333334,
    301.6203703703704,
    0.0,
    230.09647955935318,
    0.0,
    0.0,
    0.0,
    0.7757781545321146,
    0.5,
    1.0
  ],
  "std": [
    0.0,
    0.0,
    83.35293446952828,
    0.003995278946054896,
    0.019003687959316982,
    0.003078149108964343,
    0.019597924331958966,
    3.9730369284250244,
    3.9730369284250244,
    0.0,
    0.0,
    0.0,
    0.0,
    0.0,
    0.0,
    232.50177789891626,
    261.4077099272853,
    0.0,
    159.943600960881,
    18.526778927956595,
    11.521328922688387,
    8.784504964704444,
    1.6945588198671295,
    9.324263407316787,
    5.268655829502819,
    8.10235868625886,
    1.3752509012090068,
    8.580297491055944,
    4.981537987069259,
    3.9852463759547816,
    2.7524399973288487,
    38.001505160864376,
    38.52474780105116,
    0.3414218960937934,
    29.071583629502697,
    36.55637158400353,
    14.73017412410939,
    50.9686732958308,
    8.74115842686546,
    20.97544374299838,
    14.208288416017579,
    4.488679071069752,
    1.8953501658435379,
    20.395844830665567,
    3.9750847672807157,
    13.895698218694488,
    1.6278534606226145,
    22.226846005118404,
    6.051389996716775,
    8.188254654403359,
    0.5984529313360235,
    9.189955954920853,
    7.2352777474784205,
    3.635125595387502,
    2.118551230495675,
    13.013877738536683,
    7.7021142246794305,
    14.06291754864447,
    0.6051637713615841,
    8.52629963500148,
    8.900790185788294,
    22.474528773120092,
    2.6919494865132636,
    8.140736517988085,
    1.1273614736693376,
    11.737184847033916,
    0.43230904328770026,
    0.0,
    0.0,
    0.0,
    0.0,
    0.019597924331958966,
    0.24825953009782084,
    0.3925069813325793,
    0.0,
    18.882418999271067,
    0.0010726803984870584,
    0.018960867607989318,
    0.004411675596413617,
    0.0,
    128.8441809541501,
    602.4789770697847,
    602.4789770697846,
    358.091893015523,
    0.0,
    0.0,
    0.0,
    0.0,
    0.0,
    0.0,
    0.003798204998762862,
    0.0,
    0.0,
    0.0,
    0.0,
    0.0,
    0.0,
    0.0,
    3.9730369284250244,
    0.0,
    0.0,
    0.0,
    0.0,
    0.0,
    0.0,
    0.0,
    0.0,
    0.0,
    0.0,
    0.0,
    0.0,
    0.0,
    0.0,
    0.0,
    0.0,
    0.0,
    0.0,
    0.0,
    0.0,
    0.0,
    0.0,
    0.08946169839717451,
    0.07708458708166503,
    104.16119985654713,
    22.914049607394823,
    0.0,
    37.93572322296966,
    0.0,
    0.0,
    0.0,
    0.16245500740725488,
    0.0,
    0.0
  ],
  "min": [
    9.96,
    9.96,
    742.3401489257812,
    0.02247779071331024,
    0.9162393808364868,
    0.05813899636268616,
    0.9456577301025391,
    12.405965805053711,
    12.405965805053711,
    1.0,
    0.0,
    0.0,
    0.0,
    0.0,
    0.0,
    -2001.3121607786056,
    -3205.349200577655,
    -5305.156054258274,
    534.8367051395122,
    94.91380621601749,
    22.439780379230573,
    -35.409236576856735,
    23.899659707004584,
    32.867558190037386,
    -19.965203697808786,
    -89.49531055126967,
    21.039688943636246,
    62.4266661462489,
    10.338678984162538,
    -53.771640002338515,
    19.056022470674954,
    558.5834606792024,
    268.81024972014166,
    -0.7255104103806077,
    133.90691307651858,
    143.24930983887936,
    19.502207300690834,
    -261.9508517426522,
    70.11097193287837,
    162.85370791473267,
    41.67715119170895,
    -36.787489781028306,
    39.596351692745564,
    94.72907228204124,
    2.6929259681650244,
    -132.5373491047372,
    31.46372833461448,
    58.036412588408936,
    -14.61682077872149,
    -90.55242827438835,
    26.20748571667166,
    77.49863438734131,
    2.6710767971213687,
    -60.389447340768314,
    23.0749985548136,
    94.26411511741115,
    21.193502903560166,
    -54.3137101058505,
    25.672366514614325,
    34.9582225184223,
    -22.952409528002523,
    -109.0317005830707,
    17.44155662796411,
    63.61559217706937,
    12.453499901256667,
    -49.071906978692034,
    16.539896886443376,
    0.0,
    0.0,
    0.0,
    0.0,
    0.00692373514175415,
    1.8129143714904785,
    4.106301784515381,
    0.5,
    5.1755690574646,
    0.0013630540343001485,
    0.006670171394944191,
    0.004854501225054264,
    22050.0,
    21280.143442622953,
    72.05882352941177,
    20580.0,
    2912.922452458284,
    0.0,
    0.0,
    0.0,
    0.0,
    0.0,
    0.0,
    0.05943969637155533,
    0.0,
    0.0,
    0.0,
    0.0,
    0.0,
    0.0,
    0.0,
    12.405965805053711,
    0.0,
    0.0,
    0.0,
    0.0,
    0.0,
    0.0,
    0.0,
    0.0,
    0.0,
    0.0,
    0.0,
    0.0,
    0.0,
    0.0,
    0.0,
    0.0,
    0.0,
    0.0,
    0.0,
    0.0,
    0.0,
    0.0,
    0.1442352533340454,
    0.17399625480175018,
    680.0,
    269.7962962962963,
    0.0,
    183.33324541711323,
    0.0,
    0.0,
    0.0,
    0.6202982664108276,
    0.5,
    1.0
  ],